DATE,CLOSEYEST
2015-01-05,66.55
2015-01-06,64.9
2015-01-07,65.0
2015-01-08,66.5
2015-01-09,66.15
2015-01-12,65.75
2015-01-13,65.95
2015-01-14,65.6
2015-01-15,65.8
2015-01-16,65.5
2015-01-19,66.25
2015-01-20,66.75
2015-01-21,67.25
2015-01-22,67.6
2015-01-23,68.7
2015-01-26,68.7
2015-01-27,69.15
2015-01-28,69.15
2015-01-29,68.3
2015-01-30,68.0
2015-02-02,68.15
2015-02-03,68.65
2015-02-04,69.4
2015-02-05,69.1
2015-02-06,68.75
2015-02-09,68.5
2015-02-10,68.25
2015-02-11,69.0
2015-02-12,69.0
2015-02-13,69.45
2015-02-24,70.25
2015-02-25,70.8
2015-02-26,70.3
2015-03-02,70.0
2015-03-03,69.9
2015-03-04,69.95
2015-03-05,69.7
2015-03-06,69.8
2015-03-09,69.1
2015-03-10,68.95
2015-03-11,69.05
2015-03-12,69.65
2015-03-13,69.45
2015-03-16,68.9
2015-03-17,69.15
2015-03-18,69.9
2015-03-19,70.65
2015-03-20,70.55
2015-03-23,70.75
2015-03-24,70.5
2015-03-25,70.25
2015-03-26,69.4
2015-03-27,68.75
2015-03-30,68.8
2015-03-31,69.05
2015-04-01,68.65
2015-04-02,69.5
2015-04-07,69.6
2015-04-08,69.0
2015-04-09,69.1
2015-04-10,69.65
2015-04-13,69.85
2015-04-14,69.5
2015-04-15,68.65
2015-04-16,69.7
2015-04-17,69.05
2015-04-20,68.95
2015-04-21,68.95
2015-04-22,69.65
2015-04-23,71.5
2015-04-24,72.2
2015-04-27,72.75
2015-04-28,72.6
2015-04-29,71.8
2015-04-30,71.45
2015-05-04,71.6
2015-05-05,71.2
2015-05-06,71.3
2015-05-07,70.45
2015-05-08,70.5
2015-05-11,70.85
2015-05-12,70.7
2015-05-13,71.1
2015-05-14,70.1
2015-05-15,70.0
2015-05-18,70.25
2015-05-19,71.3
2015-05-20,70.8
2015-05-21,70.15
2015-05-22,70.7
2015-05-25,70.7
2015-05-26,71.0
2015-05-27,71.15
2015-05-28,71.5
2015-05-29,71.1
2015-06-01,70.5
2015-06-02,70.4
2015-06-03,69.95
2015-06-04,68.6
2015-06-05,68.45
2015-06-08,68.9
2015-06-09,68.35
2015-06-10,68.65
2015-06-11,68.85
2015-06-12,68.8
2015-06-15,68.65
2015-06-16,68.2
2015-06-17,68.5
2015-06-18,68.4
2015-06-22,69.35
2015-06-23,69.55
2015-06-24,69.65
2015-06-25,70.45
2015-06-26,70.45
2015-06-29,68.8
2015-06-30,69.4
2015-07-01,70.05
2015-07-02,70.1
2015-07-03,70.1
2015-07-06,69.3
2015-07-07,69.6
2015-07-08,67.5
2015-07-09,67.1
2015-07-13,68.1
2015-07-14,68.1
2015-07-15,68.25
2015-07-16,68.6
2015-07-17,68.5
2015-07-20,68.0
2015-07-21,68.65
2015-07-22,67.8
2015-07-23,67.15
2015-07-24,66.75
2015-07-27,65.8
2015-07-28,65.85
2015-07-29,65.4
2015-07-30,66.5
2015-07-31,66.15
2015-08-03,65.25
2015-08-04,65.3
2015-08-05,65.7
2015-08-06,65.0
2015-08-07,64.7
2015-08-10,64.55
2015-08-11,64.55
2015-08-12,63.45
2015-08-13,63.55
2015-08-14,63.3
2015-08-17,62.9
2015-08-18,62.55
2015-08-19,61.6
2015-08-20,61.4
2015-08-21,59.8
2015-08-24,57.5
2015-08-25,60.0
2015-08-26,60.35
2015-08-27,60.15
2015-08-28,61.8
2015-08-31,62.3
2015-09-01,61.75
2015-09-02,62.1
2015-09-03,62.15
2015-09-04,61.35
2015-09-07,61.25
2015-09-08,61.45
2015-09-09,64.15
2015-09-10,63.45
2015-09-11,63.5
2015-09-14,63.65
2015-09-15,63.15
2015-09-16,63.9
2015-09-17,65.0
2015-09-18,64.85
2015-09-21,63.45
2015-09-22,63.8
2015-09-23,62.35
2015-09-24,62.0
2015-09-25,62.25
2015-09-30,62.4
2015-10-01,63.6
2015-10-02,63.25
2015-10-05,63.4
2015-10-06,63.9
2015-10-07,64.85
2015-10-08,64.7
2015-10-12,65.55
2015-10-13,65.3
2015-10-14,65.05
2015-10-15,66.0
2015-10-16,65.75
2015-10-19,65.95
2015-10-20,65.95
2015-10-21,65.5
2015-10-22,65.5
2015-10-23,65.9
2015-10-26,64.55
2015-10-27,64.2
2015-10-28,63.75
2015-10-29,63.3
2015-10-30,63.2
2015-11-02,63.3
2015-11-03,64.3
2015-11-04,65.55
2015-11-05,65.4
2015-11-06,64.1
2015-11-09,63.65
2015-11-10,62.9
2015-11-11,62.15
2015-11-12,62.25
2015-11-13,61.6
2015-11-16,61.15
2015-11-17,62.35
2015-11-18,61.4
2015-11-19,62.3
2015-11-20,62.3
2015-11-23,62.6
2015-11-24,61.95
2015-11-25,61.95
2015-11-26,62.8
2015-11-27,61.95
2015-11-30,61.2
2015-12-01,62.4
2015-12-02,62.3
2015-12-03,62.4
2015-12-04,61.75
2015-12-07,62.5
2015-12-08,61.5
2015-12-09,60.75
2015-12-10,60.55
2015-12-11,59.85
2015-12-14,59.4
2015-12-15,59.45
2015-12-16,60.35
2015-12-17,61.05
2015-12-18,60.75
2015-12-21,60.65
2015-12-22,60.8
2015-12-23,60.9
2015-12-24,61.2
2015-12-25,61.6
2015-12-28,61.45
2015-12-29,61.0
2015-12-30,60.55
2015-12-31,60.75
2016-01-04,59.55
2016-01-05,59.05
2016-01-06,58.45
2016-01-07,57.35
2016-01-08,57.45
2016-01-11,56.55
2016-01-12,56.5
2016-01-13,57.15
2016-01-14,56.7
2016-01-15,56.7
2016-01-18,57.1
2016-01-19,57.25
2016-01-20,55.9
2016-01-21,55.8
2016-01-22,56.55
2016-01-25,57.55
2016-01-26,57.0
2016-01-27,57.25
2016-01-28,57.55
2016-01-29,59.0
2016-01-30,59.55
2016-02-01,59.55
2016-02-02,59.35
2016-02-03,58.95
2016-02-15,59.0
2016-02-16,60.25
2016-02-17,59.95
2016-02-18,60.9
2016-02-19,60.85
2016-02-22,60.8
2016-02-23,60.85
2016-02-24,60.3
2016-02-25,61.1
2016-02-26,61.25
2016-03-01,61.85
2016-03-02,62.35
2016-03-03,62.95
2016-03-04,63.1
2016-03-07,63.1
2016-03-08,63.05
2016-03-09,63.1
2016-03-10,63.25
2016-03-11,63.55
2016-03-14,64.0
2016-03-15,63.05
2016-03-16,63.6
2016-03-17,64.3
2016-03-18,64.7
2016-03-21,64.6
2016-03-22,64.4
2016-03-23,64.35
2016-03-24,64.35
2016-03-25,64.05
2016-03-28,64.1
2016-03-29,63.65
2016-03-30,64.7
2016-03-31,64.65
2016-04-01,63.9
2016-04-06,62.4
2016-04-07,62.15
2016-04-08,62.75
2016-04-11,63.0
2016-04-12,62.95
2016-04-13,64.05
2016-04-14,64.25
2016-04-15,64.25
2016-04-18,63.85
2016-04-19,63.6
2016-04-20,62.65
2016-04-21,62.95
2016-04-22,63.2
2016-04-25,63.25
2016-04-26,63.5
2016-04-27,63.4
2016-04-28,62.4
2016-04-29,61.6
2016-05-03,60.75
2016-05-04,60.1
2016-05-05,60.2
2016-05-06,59.7
2016-05-09,59.7
2016-05-10,60.0
2016-05-11,59.85
2016-05-12,59.8
2016-05-13,59.15
2016-05-16,59.6
2016-05-17,60.05
2016-05-18,59.95
2016-05-19,59.65
2016-05-20,60.0
2016-05-23,62.0
2016-05-24,61.35
2016-05-25,62.0
2016-05-26,62.15
2016-05-27,62.6
2016-05-30,63.15
2016-05-31,63.15
2016-06-01,63.7
2016-06-02,63.7
2016-06-03,63.85
2016-06-04,63.95
2016-06-06,64.05
2016-06-07,64.9
2016-06-08,65.25
2016-06-13,63.75
2016-06-14,64.15
2016-06-15,64.25
2016-06-16,63.35
2016-06-17,64.05
2016-06-20,64.5
2016-06-21,64.75
2016-06-22,64.95
2016-06-23,64.8
2016-06-24,63.1
2016-06-27,63.75
2016-06-28,64.0
2016-06-29,64.7
2016-06-30,65.45
2016-07-01,66.25
2016-07-04,66.3
2016-07-05,66.1
2016-07-06,64.9
2016-07-07,65.7
2016-07-11,67.0
2016-07-12,67.6
2016-07-13,67.65
2016-07-14,67.7
2016-07-15,68.5
2016-07-18,69.15
2016-07-19,69.25
2016-07-20,69.2
2016-07-21,69.55
2016-07-22,69.3
2016-07-25,69.0
2016-07-26,69.4
2016-07-27,69.7
2016-07-28,69.05
2016-07-29,68.55
2016-08-01,69.3
2016-08-02,69.3
2016-08-03,68.75
2016-08-04,68.9
2016-08-05,69.6
2016-08-08,70.05
2016-08-09,70.4
2016-08-10,70.6
2016-08-11,69.95
2016-08-12,70.2
2016-08-15,70.35
2016-08-16,69.95
2016-08-17,70.05
2016-08-18,69.9
2016-08-19,69.2
2016-08-22,68.7
2016-08-23,69.4
2016-08-24,69.2
2016-08-25,70.0
2016-08-26,70.1
2016-08-29,70.05
2016-08-30,70.0
2016-08-31,69.4
2016-09-01,69.05
2016-09-02,69.15
2016-09-05,70.3
2016-09-06,70.85
2016-09-07,71.85
2016-09-08,71.6
2016-09-09,70.4
2016-09-10,69.4
2016-09-12,68.85
2016-09-13,68.85
2016-09-14,68.45
2016-09-19,71.0
2016-09-20,70.9
2016-09-21,71.25
2016-09-22,71.4
2016-09-23,71.9
2016-09-26,71.0
2016-09-29,71.9
2016-09-30,70.95
2016-10-03,71.45
2016-10-04,71.75
2016-10-05,71.5
2016-10-06,71.7
2016-10-07,71.65
2016-10-11,71.45
2016-10-12,72.25
2016-10-13,71.7
2016-10-14,71.45
2016-10-17,71.45
2016-10-18,71.95
2016-10-19,72.35
2016-10-20,72.65
2016-10-21,72.6
2016-10-24,72.7
2016-10-25,73.4
2016-10-26,73.0
2016-10-27,72.6
2016-10-28,72.6
2016-10-31,72.6
2016-11-01,72.6
2016-11-02,71.75
2016-11-03,71.2
2016-11-04,71.0
2016-11-07,72.0
2016-11-08,72.35
2016-11-09,70.0
2016-11-10,72.0
2016-11-11,70.05
2016-11-14,70.1
2016-11-15,69.9
2016-11-16,70.0
2016-11-17,70.2
2016-11-18,70.4
2016-11-21,70.5
2016-11-22,71.45
2016-11-23,71.8
2016-11-24,71.4
2016-11-25,71.35
2016-11-28,71.75
2016-11-29,71.65
2016-11-30,71.7
2016-12-01,72.0
2016-12-02,71.2
2016-12-05,71.1
2016-12-06,72.0
2016-12-07,72.0
2016-12-08,72.9
2016-12-09,73.15
2016-12-12,72.85
2016-12-13,72.95
2016-12-14,73.1
2016-12-15,73.0
2016-12-16,72.3
2016-12-19,71.85
2016-12-20,71.75
2016-12-21,71.7
2016-12-22,70.8
2016-12-23,70.55
2016-12-26,70.8
2016-12-27,70.75
2016-12-28,71.6
2016-12-29,71.25
2016-12-30,71.8
2017-01-03,71.9
2017-01-04,71.85
2017-01-05,72.5
2017-01-06,72.65
2017-01-09,72.45
2017-01-10,72.4
2017-01-11,72.4
2017-01-12,73.15
2017-01-13,72.6
2017-01-16,72.0
2017-01-17,72.3
2017-01-18,72.15
2017-01-19,71.95
2017-01-20,72.15
2017-01-23,72.75
2017-01-24,73.3
2017-02-02,72.9
2017-02-03,72.85
2017-02-06,73.25
2017-02-07,73.3
2017-02-08,71.75
2017-02-09,72.0
2017-02-10,72.8
2017-02-13,72.95
2017-02-14,73.2
2017-02-15,73.9
2017-02-16,73.45
2017-02-17,73.35
2017-02-18,73.5
2017-02-20,73.1
2017-02-21,73.25
2017-02-22,73.3
2017-02-23,73.1
2017-02-24,73.15
2017-03-01,72.35
2017-03-02,72.55
2017-03-03,72.1
2017-03-06,72.15
2017-03-07,72.45
2017-03-08,72.85
2017-03-09,72.05
2017-03-10,72.0
2017-03-13,72.5
2017-03-14,73.0
2017-03-15,72.85
2017-03-16,73.8
2017-03-17,74.0
2017-03-20,73.95
2017-03-21,74.9
2017-03-22,74.2
2017-03-23,74.35
2017-03-24,74.25
2017-03-27,74.2
2017-03-28,74.25
2017-03-29,74.0
2017-03-30,73.9
2017-03-31,73.7
2017-04-05,74.65
2017-04-06,74.4
2017-04-07,74.1
2017-04-10,74.2
2017-04-11,73.9
2017-04-12,74.05
2017-04-13,74.4
2017-04-14,73.55
2017-04-17,73.6
2017-04-18,73.6
2017-04-19,72.8
2017-04-20,72.8
2017-04-21,73.5
2017-04-24,73.65
2017-04-25,74.35
2017-04-26,74.55
2017-04-27,74.5
2017-04-28,74.55
2017-05-02,75.2
2017-05-03,75.55
2017-05-04,75.65
2017-05-05,75.15
2017-05-08,75.7
2017-05-09,75.95
2017-05-10,76.25
2017-05-11,76.5
2017-05-12,76.3
2017-05-15,76.5
2017-05-16,76.5
2017-05-17,76.3
2017-05-18,75.9
2017-05-19,75.85
2017-05-22,76.05
2017-05-23,76.35
2017-05-24,76.3
2017-05-25,77.0
2017-05-26,76.95
2017-05-31,76.5
2017-06-01,76.9
2017-06-02,77.2
2017-06-03,77.4
2017-06-05,78.0
2017-06-06,77.95
2017-06-07,77.95
2017-06-08,78.25
2017-06-09,78.0
2017-06-12,77.15
2017-06-13,77.25
2017-06-14,76.85
2017-06-15,76.9
2017-06-16,77.7
2017-06-19,78.55
2017-06-20,79.45
2017-06-21,79.55
2017-06-22,79.75
2017-06-23,79.7
2017-06-26,81.4
2017-06-27,81.3
2017-06-28,80.55
2017-06-29,80.65
2017-06-30,80.4
2017-07-03,80.45
2017-07-04,80.0
2017-07-05,80.75
2017-07-06,80.4
2017-07-07,79.95
2017-07-10,80.35
2017-07-11,81.55
2017-07-12,81.55
2017-07-13,82.2
2017-07-14,82.05
2017-07-17,82.2
2017-07-18,82.4
2017-07-19,82.7
2017-07-20,82.65
2017-07-21,82.1
2017-07-24,82.3
2017-07-25,82.45
2017-07-26,82.15
2017-07-27,83.0
2017-07-28,82.1
2017-07-31,81.35
2017-08-01,81.8
2017-08-02,82.5
2017-08-03,82.2
2017-08-04,82.35
2017-08-07,82.95
2017-08-08,82.9
2017-08-09,82.15
2017-08-10,81.6
2017-08-11,81.25
2017-08-14,80.75
2017-08-15,81.3
2017-08-16,81.0
2017-08-17,81.65
2017-08-18,81.15
2017-08-21,81.05
2017-08-22,81.85
2017-08-23,81.75
2017-08-24,82.55
2017-08-25,82.7
2017-08-28,82.55
2017-08-29,82.3
2017-08-30,82.7
2017-08-31,82.95
2017-09-01,83.0
2017-09-04,82.85
2017-09-05,82.95
2017-09-06,82.6
2017-09-07,82.25
2017-09-08,82.7
2017-09-11,82.55
2017-09-12,82.85
2017-09-13,82.3
2017-09-14,82.35
2017-09-15,82.35
2017-09-18,83.15
2017-09-19,82.75
2017-09-20,82.2
2017-09-21,82.7
2017-09-22,81.6
2017-09-25,80.95
2017-09-26,80.3
2017-09-27,80.7
2017-09-28,80.4
2017-09-29,80.65
2017-09-30,81.2
2017-10-02,81.5
2017-10-03,81.5
2017-10-05,81.85
2017-10-06,82.1
2017-10-11,83.4
2017-10-12,84.2
2017-10-13,84.05
2017-10-16,84.5
2017-10-17,84.3
2017-10-18,84.6
2017-10-19,84.9
2017-10-20,84.55
2017-10-23,84.5
2017-10-24,84.4
2017-10-25,84.35
2017-10-26,84.25
2017-10-27,84.3
2017-10-30,84.95
2017-10-31,85.2
2017-11-01,85.1
2017-11-02,84.8
2017-11-03,84.7
2017-11-06,84.85
2017-11-07,85.3
2017-11-08,84.95
2017-11-09,84.4
2017-11-10,84.55
2017-11-13,84.3
2017-11-14,84.15
2017-11-15,83.3
2017-11-16,83.6
2017-11-17,84.35
2017-11-20,84.0
2017-11-21,84.75
2017-11-22,85.15
2017-11-23,85.2
2017-11-24,85.15
2017-11-27,84.15
2017-11-28,83.6
2017-11-29,83.7
2017-11-30,82.25
2017-12-01,82.6
2017-12-04,82.9
2017-12-05,82.25
2017-12-06,80.85
2017-12-07,80.9
2017-12-08,80.9
2017-12-11,81.5
2017-12-12,80.95
2017-12-13,81.0
2017-12-14,81.75
2017-12-15,81.1
2017-12-18,81.2
2017-12-19,80.8
2017-12-20,81.05
2017-12-21,81.0
2017-12-22,81.3
2017-12-25,81.45
2017-12-26,80.65
2017-12-27,80.9
2017-12-28,81.7
2017-12-29,82.15
2018-01-02,82.6
2018-01-03,83.35
2018-01-04,83.5
2018-01-05,83.75
2018-01-08,84.1
2018-01-09,84.15
2018-01-10,83.75
2018-01-11,83.4
2018-01-12,84.1
2018-01-15,84.65
2018-01-16,85.0
2018-01-17,85.15
2018-01-18,86.3
2018-01-19,87.15
2018-01-22,87.95
2018-01-23,88.3
2018-01-24,87.2
2018-01-25,87.45
2018-01-26,87.5
2018-01-29,85.55
2018-01-30,84.55
2018-01-31,84.65
2018-02-01,85.25
2018-02-02,84.9
2018-02-05,83.6
2018-02-06,79.65
2018-02-07,80.65
2018-02-08,80.6
2018-02-09,79.05
2018-02-12,79.7
2018-02-21,81.5
2018-02-22,81.0
2018-02-23,82.0
2018-02-26,82.4
2018-02-27,82.35
2018-03-01,81.75
2018-03-02,81.15
2018-03-05,80.75
2018-03-06,82.15
2018-03-07,81.8
2018-03-08,82.75
2018-03-09,82.85
2018-03-12,84.15
2018-03-13,84.95
2018-03-14,84.3
2018-03-15,84.25
2018-03-16,83.9
2018-03-19,83.85
2018-03-20,83.8
2018-03-21,83.85
2018-03-22,83.55
2018-03-23,82.1
2018-03-26,82.2
2018-03-27,83.4
2018-03-28,82.25
2018-03-29,82.1
2018-03-30,82.85
2018-03-31,82.95
2018-04-02,82.25
2018-04-03,81.5
2018-04-09,82.2
2018-04-10,82.5
2018-04-11,82.85
2018-04-12,82.5
2018-04-13,82.5
2018-04-16,82.3
2018-04-17,81.4
2018-04-18,81.6
2018-04-19,82.65
2018-04-20,80.75
2018-04-23,79.95
2018-04-24,79.55
2018-04-25,79.3
2018-04-26,79.05
2018-04-27,79.2
2018-04-30,80.0
2018-05-02,79.4
2018-05-03,78.55
2018-05-04,78.95
2018-05-07,79.5
2018-05-08,80.0
2018-05-09,80.45
2018-05-10,80.65
2018-05-11,81.6
2018-05-14,82.5
2018-05-15,81.65
2018-05-16,81.75
2018-05-17,81.2
2018-05-18,80.95
2018-05-21,82.05
2018-05-22,81.75
2018-05-23,81.35
2018-05-24,81.55
2018-05-25,81.85
2018-05-28,82.2
2018-05-29,81.85
2018-05-30,80.4
2018-05-31,80.75
2018-06-01,81.35
2018-06-04,82.6
2018-06-05,82.5
2018-06-06,83.3
2018-06-07,83.45
2018-06-08,82.55
2018-06-11,82.65
2018-06-12,82.5
2018-06-13,83.0
2018-06-14,81.75
2018-06-15,81.95
2018-06-19,80.6
2018-06-20,81.5
2018-06-21,81.25
2018-06-22,81.15
2018-06-25,80.9
2018-06-26,80.7
2018-06-27,80.4
2018-06-28,80.05
2018-06-29,81.45
2018-07-02,81.05
2018-07-03,81.15
2018-07-04,81.4
2018-07-05,80.75
2018-07-06,80.95
2018-07-09,82.25
2018-07-10,82.45
2018-07-11,81.7
2018-07-12,82.65
2018-07-13,83.35
2018-07-16,83.0
2018-07-17,82.55
2018-07-18,83.05
2018-07-19,83.3
2018-07-20,84.65
2018-07-23,84.55
2018-07-24,84.7
2018-07-25,84.75
2018-07-26,85.0
2018-07-27,85.7
2018-07-30,85.55
2018-07-31,85.55
2018-08-01,86.15
2018-08-02,84.85
2018-08-03,85.55
2018-08-06,85.7
2018-08-07,85.5
2018-08-08,86.15
2018-08-09,86.15
2018-08-10,85.7
2018-08-13,83.95
2018-08-14,84.55
2018-08-15,83.75
2018-08-16,83.8
2018-08-17,83.65
2018-08-20,83.95
2018-08-21,84.55
2018-08-22,84.65
2018-08-23,85.05
2018-08-24,84.8
2018-08-27,85.55
2018-08-28,86.25
2018-08-29,87.25
2018-08-30,87.55
2018-08-31,86.95
2018-09-03,86.45
2018-09-04,87.0
2018-09-05,87.0
2018-09-06,86.5
2018-09-07,86.4
2018-09-10,86.0
2018-09-11,85.65
2018-09-12,85.55
2018-09-13,84.95
2018-09-14,86.5
2018-09-17,85.85
2018-09-18,85.4
2018-09-19,86.15
2018-09-20,85.9
2018-09-21,86.85
2018-09-25,87.1
2018-09-26,86.9
2018-09-27,87.35
2018-09-28,86.9
2018-10-01,87.35
2018-10-02,86.05
2018-10-03,85.95
2018-10-04,84.9
2018-10-05,83.45
2018-10-08,83.0
2018-10-09,83.25
2018-10-11,77.4
2018-10-12,80.05
2018-10-15,79.2
2018-10-16,79.3
2018-10-17,79.4
2018-10-18,79.15
2018-10-19,79.3
2018-10-22,79.2
2018-10-23,77.75
2018-10-24,77.4
2018-10-25,75.5
2018-10-26,75.4
2018-10-29,75.75
2018-10-30,75.95
2018-10-31,77.55
2018-11-01,78.4
2018-11-02,78.65
2018-11-05,78.25
2018-11-06,78.0
2018-11-07,78.4
2018-11-08,78.85
2018-11-09,77.8
2018-11-12,78.0
2018-11-13,77.1
2018-11-14,77.35
2018-11-15,77.6
2018-11-16,76.95
2018-11-19,76.7
2018-11-20,76.0
2018-11-21,76.0
2018-11-22,75.6
2018-11-23,75.35
2018-11-26,76.15
2018-11-27,76.05
2018-11-28,76.9
2018-11-29,77.05
2018-11-30,76.75
2018-12-03,78.8
2018-12-04,78.25
2018-12-05,76.65
2018-12-06,75.1
2018-12-07,75.45
2018-12-10,74.45
2018-12-11,75.05
2018-12-12,76.2
2018-12-13,76.3
2018-12-14,75.35
2018-12-17,75.95
2018-12-18,75.3
2018-12-19,75.9
2018-12-20,75.05
2018-12-21,75.2
2018-12-22,74.85
2018-12-24,74.7
2018-12-25,73.75
2018-12-26,73.55
2018-12-27,75.05
2018-12-28,75.5
2019-01-02,74.05
2019-01-03,73.35
2019-01-04,72.2
2019-01-07,73.95
2019-01-08,73.65
2019-01-09,75.0
2019-01-10,74.8
2019-01-11,75.5
2019-01-14,75.0
2019-01-15,75.65
2019-01-16,75.55
2019-01-17,75.55
2019-01-18,75.95
2019-01-21,76.5
2019-01-22,74.05
2019-01-23,73.7
2019-01-24,74.05
2019-01-25,75.0
2019-01-28,75.15
2019-01-29,74.5
2019-01-30,74.35
2019-02-11,75.15
2019-02-12,75.65
2019-02-13,75.5
2019-02-14,75.25
2019-02-15,75.05
2019-02-18,75.65
2019-02-19,75.5
2019-02-20,76.35
2019-02-21,77.1
2019-02-22,76.95
2019-02-25,77.5
2019-02-26,77.7
2019-02-27,77.65
2019-03-04,76.95
2019-03-05,76.75
2019-03-06,76.95
2019-03-07,76.65
2019-03-08,76.0
2019-03-11,76.15
2019-03-12,77.25
2019-03-13,77.1
2019-03-14,77.05
2019-03-15,77.6
2019-03-18,78.1
2019-03-19,78.4
2019-03-20,78.5
2019-03-21,79.15
2019-03-22,79.35
2019-03-25,78.15
2019-03-26,78.65
2019-03-27,78.5
2019-03-28,78.5
2019-03-29,79.15
2019-04-01,79.85
2019-04-02,80.15
2019-04-03,80.15
2019-04-08,80.9
2019-04-09,81.4
2019-04-10,81.5
2019-04-11,81.15
2019-04-12,81.1
2019-04-15,81.85
2019-04-16,82.1
2019-04-17,82.75
2019-04-18,82.7
2019-04-19,82.8
2019-04-22,82.7
2019-04-23,83.05
2019-04-24,83.2
2019-04-25,83.4
2019-04-26,82.45
2019-04-29,82.8
2019-04-30,82.8
2019-05-02,83.0
2019-05-03,83.75
2019-05-06,82.3
2019-05-07,83.15
2019-05-08,82.55
2019-05-09,81.55
2019-05-10,81.5
2019-05-13,80.15
2019-05-14,79.65
2019-05-15,79.75
2019-05-16,79.05
2019-05-17,78.25
2019-05-20,78.2
2019-05-21,78.4
2019-05-22,78.4
2019-05-23,76.95
2019-05-24,77.35
2019-05-27,77.15
2019-05-28,77.1
2019-05-29,76.75
2019-05-30,77.4
2019-05-31,78.45
2019-06-03,78.55
2019-06-04,78.05
2019-06-05,78.3
2019-06-06,77.7
2019-06-10,79.05
2019-06-11,79.4
2019-06-12,79.7
2019-06-13,79.05
2019-06-14,78.9
2019-06-17,78.7
2019-06-18,78.9
2019-06-19,80.75
2019-06-20,80.85
2019-06-21,80.85
2019-06-24,81.2
2019-06-25,80.75
2019-06-26,80.35
2019-06-27,81.5
2019-06-28,80.9
2019-07-01,82.65
2019-07-02,82.45
2019-07-03,81.5
2019-07-04,82.0
2019-07-05,81.9
2019-07-08,81.6
2019-07-09,81.5
2019-07-10,82.2
2019-07-11,82.85
2019-07-12,82.75
2019-07-15,83.2
2019-07-16,83.35
2019-07-17,82.8
2019-07-18,82.7
2019-07-19,83.0
2019-07-22,83.4
2019-07-23,83.6
2019-07-24,83.55
2019-07-25,83.8
2019-07-26,83.25
2019-07-29,83.45
2019-07-30,83.2
2019-07-31,82.8
2019-08-01,82.3
2019-08-02,80.95
2019-08-05,80.15
2019-08-06,80.1
2019-08-07,79.7
2019-08-08,80.65
2019-08-12,80.6
2019-08-13,79.7
2019-08-14,80.3
2019-08-15,79.4
2019-08-16,80.35
2019-08-19,80.8
2019-08-20,81.0
2019-08-21,81.1
2019-08-22,80.9
2019-08-23,81.0
2019-08-26,79.65
2019-08-27,79.85
2019-08-28,80.4
2019-08-29,80.55
2019-08-30,81.85
2019-09-02,81.9
2019-09-03,81.2
2019-09-04,82.15
2019-09-05,83.0
2019-09-06,83.5
2019-09-09,83.8
2019-09-10,83.4
2019-09-11,83.45
2019-09-12,83.9
2019-09-16,84.4
2019-09-17,84.25
2019-09-18,84.95
2019-09-19,84.45
2019-09-20,84.7
2019-09-23,84.5
2019-09-24,84.65
2019-09-25,84.1
2019-09-26,84.3
2019-09-27,84.6
2019-10-01,85.95
2019-10-02,85.65
2019-10-03,84.8
2019-10-04,85.15
2019-10-07,85.45
2019-10-08,86.5
2019-10-09,85.8
2019-10-14,87.55
2019-10-15,87.7
2019-10-16,88.1
2019-10-17,88.15
2019-10-18,87.95
2019-10-21,87.85
2019-10-22,88.7
2019-10-23,88.45
2019-10-24,88.8
2019-10-25,88.8
2019-10-28,89.2
2019-10-29,89.45
2019-10-30,89.85
2019-10-31,90.1
2019-11-01,90.1
2019-11-04,92.2
2019-11-05,92.9
2019-11-06,93.35
2019-11-07,92.85
2019-11-08,92.55
2019-11-11,91.15
2019-11-12,92.0
2019-11-13,91.45
2019-11-14,91.4
2019-11-15,92.3
2019-11-18,92.9
2019-11-19,93.6
2019-11-20,93.25
2019-11-21,92.5
2019-11-22,92.55
2019-11-25,92.6
2019-11-26,92.85
2019-11-27,93.2
2019-11-28,92.95
2019-11-29,91.5
2019-12-02,92.05
2019-12-03,92.05
2019-12-04,91.7
2019-12-05,92.9
2019-12-06,93.05
2019-12-09,93.65
2019-12-10,93.0
2019-12-11,93.75
2019-12-12,95.85
2019-12-13,96.9
2019-12-16,96.85
2019-12-17,98.15
2019-12-18,98.2
2019-12-19,97.65
2019-12-20,96.95
2019-12-23,97.15
2019-12-24,97.2
2019-12-25,97.35
2019-12-26,97.35
2019-12-27,98.0
2019-12-30,97.8
2019-12-31,96.95
2020-01-02,97.65
2020-01-03,97.65
2020-01-06,96.4
2020-01-07,96.1
2020-01-08,95.65
2020-01-09,96.95
2020-01-10,97.3
2020-01-13,98.0
2020-01-14,98.6
2020-01-15,97.6
2020-01-16,97.3
2020-01-17,97.3
2020-01-20,97.7
2020-01-30,92.15
2020-01-31,89.95
2020-02-03,89.05
2020-02-04,90.6
2020-02-05,90.85
2020-02-06,92.3
2020-02-07,91.2
2020-02-10,91.0
2020-02-11,91.75
2020-02-12,92.65
2020-02-13,92.8
2020-02-14,92.95
2020-02-17,92.3
2020-02-18,91.05
2020-02-19,92.1
2020-02-20,91.7
2020-02-21,91.25
2020-02-24,90.1
2020-02-25,90.35
2020-02-26,89.45
2020-02-27,88.65
2020-03-02,87.35
2020-03-03,88.6
2020-03-04,89.2
2020-03-05,90.2
2020-03-06,88.35
2020-03-09,85.85
2020-03-10,86.3
2020-03-11,85.3
2020-03-12,82.15
2020-03-13,81.0
2020-03-16,77.3
2020-03-17,74.85
2020-03-18,72.8
2020-03-19,68.55
2020-03-20,74.0
2020-03-23,70.8
2020-03-24,74.25
2020-03-25,76.85
2020-03-26,77.2
2020-03-27,76.6
2020-03-30,75.85
2020-03-31,76.15
2020-04-01,75.9
2020-04-06,77.05
2020-04-07,78.5
2020-04-08,79.6
2020-04-09,79.25
2020-04-10,79.3
2020-04-13,78.8
2020-04-14,80.95
2020-04-15,81.2
2020-04-16,80.8
2020-04-17,83.25
2020-04-20,83.0
2020-04-21,80.6
2020-04-22,80.6
2020-04-23,80.9
2020-04-24,80.9
2020-04-27,82.55
2020-04-28,82.55
2020-04-29,83.7
2020-04-30,85.5
2020-05-04,83.0
2020-05-05,83.4
2020-05-06,83.5
2020-05-07,83.85
2020-05-08,84.35
2020-05-11,85.05
2020-05-12,84.05
2020-05-13,84.3
2020-05-14,83.3
2020-05-15,83.85
2020-05-18,83.15
2020-05-19,83.9
2020-05-20,83.8
2020-05-21,84.5
2020-05-22,82.95
2020-05-25,83.5
2020-05-26,84.45
2020-05-27,84.35
2020-05-28,83.85
2020-05-29,84.45
2020-06-01,84.9
2020-06-02,85.3
2020-06-03,86.8
2020-06-04,87.6
2020-06-05,88.35
2020-06-08,89.5
2020-06-09,89.6
2020-06-10,90.45
2020-06-11,89.05
2020-06-12,88.25
2020-06-15,87.0
2020-06-16,88.9
2020-06-17,89.0
2020-06-18,88.9
2020-06-19,88.85
2020-06-22,89.05
2020-06-23,89.45
2020-06-24,90.0
2020-06-29,89.1
2020-06-30,89.9
2020-07-01,90.5
2020-07-02,91.5
2020-07-03,92.55
2020-07-06,94.15
2020-07-07,94.5
2020-07-08,95.15
2020-07-09,95.45
2020-07-10,94.65
2020-07-13,96.05
2020-07-14,96.65
2020-07-15,97.05
2020-07-16,96.1
2020-07-17,97.2
2020-07-20,97.05
2020-07-21,98.7
2020-07-22,98.95
2020-07-23,98.85
2020-07-24,98.5
2020-07-27,103.3
2020-07-28,103.6
2020-07-29,102.55
2020-07-30,104.05
2020-07-31,103.8
2020-08-03,102.0
2020-08-04,103.3
2020-08-05,104.3
2020-08-06,105.4
2020-08-07,104.65
2020-08-10,105.6
2020-08-11,104.8
2020-08-12,103.25
2020-08-13,104.25
2020-08-14,104.5
2020-08-17,105.6
2020-08-18,105.0
2020-08-19,104.25
2020-08-20,100.6
2020-08-21,102.8
2020-08-24,103.1
2020-08-25,103.9
2020-08-26,104.3
2020-08-27,104.55
2020-08-28,103.5
2020-08-31,101.8
2020-09-01,103.35
2020-09-02,103.0
2020-09-03,103.3
2020-09-04,102.55
2020-09-07,102.4
2020-09-08,103.0
2020-09-09,102.3
2020-09-10,103.2
2020-09-11,103.25
2020-09-14,104.55
2020-09-15,104.95
2020-09-16,106.55
2020-09-17,105.4
2020-09-18,105.3
2020-09-21,104.45
2020-09-22,103.1
2020-09-23,102.95
2020-09-24,100.45
2020-09-25,100.65
2020-09-28,102.3
2020-09-29,102.55
2020-09-30,103.0
2020-10-05,103.05
2020-10-06,104.25
2020-10-07,104.8
2020-10-08,106.2
2020-10-12,107.05
2020-10-13,107.1
2020-10-14,106.7
2020-10-15,105.7
2020-10-16,105.25
2020-10-19,106.6
2020-10-20,106.0
2020-10-21,105.95
2020-10-22,106.1
2020-10-23,106.1
2020-10-26,106.1
2020-10-27,105.5
2020-10-28,105.0
2020-10-29,103.85
2020-10-30,103.0
2020-11-02,103.4
2020-11-03,104.6
2020-11-04,106.15
2020-11-05,106.05
2020-11-06,106.7
2020-11-09,108.1
2020-11-10,107.1
2020-11-11,108.75
2020-11-12,108.8
2020-11-13,109.25
2020-11-16,112.8
2020-11-17,113.6
2020-11-18,114.35
2020-11-19,114.15
2020-11-20,114.0
2020-11-23,115.45
2020-11-24,114.9
2020-11-25,113.95
2020-11-26,114.85
2020-11-27,114.65
2020-11-30,113.3
2020-12-01,114.3
2020-12-02,115.4
2020-12-03,115.4
2020-12-04,117.3
2020-12-07,118.4
2020-12-08,120.05
2020-12-09,120.05
2020-12-10,118.6
2020-12-11,118.75
2020-12-14,118.25
2020-12-15,117.05
2020-12-16,119.25
2020-12-17,118.6
2020-12-18,118.2
2020-12-21,119.35
2020-12-22,118.0
2020-12-23,118.15
2020-12-24,118.8
2020-12-25,118.95
2020-12-28,120.0
2020-12-29,119.9
2020-12-30,121.6
2020-12-31,122.25
2021-01-04,124.35
2021-01-05,124.6
2021-01-06,125.95
2021-01-07,128.9
2021-01-08,131.2
2021-01-11,132.3
2021-01-12,132.1
2021-01-13,135.3
2021-01-14,134.05
2021-01-15,134.5
2021-01-18,134.4
2021-01-19,137.95
2021-01-20,138.2
2021-01-21,143.0
2021-01-22,137.45
2021-01-25,135.6
2021-01-26,132.85
2021-01-27,133.05
2021-01-28,130.35
2021-01-29,128.2
2021-02-01,130.75
2021-02-02,134.45
2021-02-03,134.35
2021-02-04,133.55
2021-02-05,134.8
2021-02-17,140.55
2021-02-18,140.35
2021-02-19,138.85
2021-02-22,138.8
2021-02-23,138.5
2021-02-24,136.45
2021-02-25,137.55
2021-02-26,133.4
2021-03-02,133.45
2021-03-03,135.4
2021-03-04,132.75
2021-03-05,131.95
2021-03-08,131.85
2021-03-09,131.35
2021-03-10,131.9
2021-03-11,134.7
2021-03-12,135.25
2021-03-15,134.9
2021-03-16,135.35
2021-03-17,134.2
2021-03-18,134.9
2021-03-19,132.8
2021-03-22,133.4
2021-03-23,133.6
2021-03-24,131.5
2021-03-25,131.95
2021-03-26,134.35
2021-03-29,135.45
2021-03-30,135.9
2021-03-31,134.75
2021-04-01,135.75
2021-04-06,137.65
2021-04-07,137.8
2021-04-08,138.25
2021-04-09,137.95
2021-04-12,137.15
2021-04-13,137.15
2021-04-14,137.9
2021-04-15,139.05
2021-04-16,139.25
2021-04-19,139.5
2021-04-20,139.25
2021-04-21,138.0
2021-04-22,137.9
2021-04-23,139.15
2021-04-26,141.2
2021-04-27,141.25
2021-04-28,140.4
2021-04-29,140.6
2021-05-03,138.25
2021-05-04,137.05
2021-05-05,135.75
2021-05-06,136.95
2021-05-07,139.4
2021-05-10,138.45
2021-05-11,133.25
2021-05-12,129.4
2021-05-13,127.5
2021-05-14,128.95
2021-05-17,126.5
2021-05-18,132.3
2021-05-19,131.4
2021-05-20,130.5
2021-05-21,132.35
2021-05-24,132.15
2021-05-25,134.4
2021-05-26,134.5
2021-05-27,133.55
2021-05-28,135.8
2021-05-31,137.1
2021-06-01,137.7
2021-06-02,137.7
2021-06-03,137.6
2021-06-04,136.95
2021-06-07,137.3
2021-06-08,136.5
2021-06-09,135.5
2021-06-10,137.6
2021-06-11,138.1
2021-06-15,138.85
2021-06-16,138.7
2021-06-17,138.3
2021-06-18,138.0
2021-06-21,134.7
2021-06-22,134.85
2021-06-23,137.05
2021-06-24,136.7
2021-06-25,136.95
2021-06-28,137.2
2021-06-29,137.6
2021-06-30,138.95
2021-07-01,138.3
2021-07-02,138.3
2021-07-05,139.6
2021-07-06,139.75
2021-07-07,139.0
2021-07-08,138.85
2021-07-09,137.75
2021-07-12,139.0
2021-07-13,140.15
2021-07-14,140.5
2021-07-15,141.8
2021-07-16,139.9
2021-07-19,138.3
2021-07-20,137.2
2021-07-21,136.7
2021-07-22,137.65
2021-07-23,137.65
2021-07-26,136.45
2021-07-27,136.4
2021-07-28,134.25
2021-07-29,136.5
2021-07-30,136.05
2021-08-02,137.9
2021-08-03,138.45
2021-08-04,139.25
2021-08-05,139.0
2021-08-06,138.8
2021-08-09,138.4
2021-08-10,137.65
2021-08-11,137.2
2021-08-12,136.95
2021-08-13,135.65
2021-08-16,135.35
2021-08-17,134.35
2021-08-18,134.9
2021-08-19,131.8
2021-08-20,130.75
2021-08-23,134.35
2021-08-24,134.75
2021-08-25,136.05
2021-08-26,137.0
2021-08-27,138.15
2021-08-30,139.5
2021-08-31,140.35
2021-09-01,141.0
2021-09-02,139.9
2021-09-03,141.9
2021-09-06,142.55
2021-09-07,141.9
2021-09-08,140.65
2021-09-09,140.3
2021-09-10,141.95
2021-09-13,141.45
2021-09-14,141.6
2021-09-15,140.75
2021-09-16,140.1
2021-09-17,140.5
2021-09-22,137.2
2021-09-23,138.0
2021-09-24,139.65
2021-09-27,140.0
2021-09-28,139.0
2021-09-29,136.0
2021-09-30,137.05
2021-10-01,133.95
2021-10-04,133.15
2021-10-05,132.95
2021-10-06,133.0
2021-10-07,135.35
2021-10-08,134.2
2021-10-12,132.85
2021-10-13,132.4
2021-10-14,132.75
2021-10-15,136.25
2021-10-18,135.85
2021-10-19,136.95
2021-10-20,136.6
2021-10-21,136.1
2021-10-22,136.5
2021-10-25,136.4
2021-10-26,137.55
2021-10-27,137.55
2021-10-28,137.15
2021-10-29,135.8
2021-11-01,136.5
2021-11-02,136.25
2021-11-03,136.6
2021-11-04,136.15
2021-11-05,138.1
2021-11-08,139.2
2021-11-09,140.7
2021-11-10,140.5
2021-11-11,139.25
2021-11-12,139.7
2021-11-15,140.95
2021-11-16,141.2
2021-11-17,141.65
2021-11-18,142.45
2021-11-19,142.8
2021-11-22,142.45
2021-11-23,141.1
2021-11-24,140.5
2021-11-25,140.45
2021-11-26,138.15
2021-11-29,138.15
2021-11-30,138.0
2021-12-01,140.3
2021-12-02,141.8
2021-12-03,141.75
2021-12-06,141.35
2021-12-07,141.8
2021-12-08,142.35
2021-12-09,142.0
2021-12-10,141.95
2021-12-13,141.5
2021-12-14,140.1
2021-12-15,140.3
2021-12-16,142.05
2021-12-17,141.9
2021-12-20,140.65
2021-12-21,141.85
2021-12-22,141.85
2021-12-23,142.65
2021-12-24,143.05
2021-12-27,144.15
2021-12-28,145.3
2021-12-29,145.95
2021-12-30,145.5
2022-01-03,146.4
2022-01-04,149.6
2022-01-05,149.3
2022-01-06,147.9
2022-01-07,146.6
2022-01-10,147.55
2022-01-11,148.3
2022-01-12,149.55
2022-01-13,150.3
2022-01-14,150.3
2022-01-17,152.0
2022-01-18,150.3
2022-01-19,148.5
2022-01-20,149.1
2022-01-21,142.65
2022-01-24,144.0
2022-01-25,141.65
2022-01-26,141.55
2022-02-07,142.3
2022-02-08,142.9
2022-02-09,143.4
2022-02-10,145.05
2022-02-11,144.95
2022-02-14,142.7
2022-02-15,142.05
2022-02-16,144.4
2022-02-17,144.5
2022-02-18,144.1
2022-02-21,143.8
2022-02-22,141.85
2022-02-23,142.25
2022-02-24,138.8
2022-02-25,138.5
2022-03-01,140.45
2022-03-02,139.65
2022-03-03,139.95
2022-03-04,138.45
2022-03-07,134.0
2022-03-08,131.15
2022-03-09,132.5
2022-03-10,136.35
2022-03-11,134.4
2022-03-14,134.4
2022-03-15,131.65
2022-03-16,132.2
2022-03-17,136.4
2022-03-18,136.1
2022-03-21,137.0
2022-03-22,136.8
2022-03-23,138.1
2022-03-24,138.0
2022-03-25,138.2
2022-03-28,136.7
2022-03-29,136.85
2022-03-30,138.55
2022-03-31,138.1
2022-04-01,136.95
2022-04-06,136.25
2022-04-07,133.8
2022-04-08,134.55
2022-04-11,132.45
2022-04-12,132.55
2022-04-13,135.05
2022-04-14,134.55
2022-04-15,132.25
2022-04-18,131.55
2022-04-19,132.0
2022-04-20,132.65
2022-04-21,132.75
2022-04-22,131.6
2022-04-25,129.25
2022-04-26,129.25
2022-04-27,126.55
2022-04-28,127.1
2022-04-29,128.75
2022-05-03,127.8
2022-05-04,127.8
2022-05-05,129.25
2022-05-06,126.65
2022-05-09,124.55
2022-05-10,124.0
2022-05-11,124.2
2022-05-12,121.25
2022-05-13,122.35
2022-05-16,123.0
2022-05-17,124.35
2022-05-18,125.7
2022-05-19,123.3
2022-05-20,124.65
2022-05-23,124.9
2022-05-24,123.5
2022-05-25,124.45
2022-05-26,122.9
2022-05-27,125.5
2022-05-30,128.55
2022-05-31,129.8
2022-06-01,129.15
2022-06-02,127.8
2022-06-06,128.7
2022-06-07,127.4
2022-06-08,128.8
2022-06-09,128.4
2022-06-10,127.1
2022-06-13,123.55
2022-06-14,123.35
2022-06-15,122.75
2022-06-16,122.5
2022-06-17,120.85
2022-06-20,119.75
2022-06-21,122.2
2022-06-22,119.5
2022-06-23,117.9
2022-06-24,118.15
2022-06-27,120.95
2022-06-28,119.8
2022-06-29,118.8
2022-06-30,115.8
2022-07-01,111.55
2022-07-04,110.45
2022-07-05,111.0
2022-07-06,108.85
2022-07-07,112.1
2022-07-08,113.25
2022-07-11,112.25
2022-07-12,109.55
2022-07-13,113.45
2022-07-14,114.0
2022-07-15,115.5
2022-07-18,114.2
2022-07-19,114.3
2022-07-20,115.05
2022-07-21,116.35
2022-07-22,116.8
2022-07-25,116.7
2022-07-26,115.65
2022-07-27,116.7
2022-07-28,116.9
2022-07-29,118.0
2022-08-01,117.65
2022-08-02,115.55
2022-08-03,116.25
2022-08-04,116.55
2022-08-05,119.5
2022-08-08,119.25
2022-08-09,119.15
2022-08-10,117.9
2022-08-11,120.05
2022-08-12,120.8
2022-08-15,121.9
2022-08-16,122.1
2022-08-17,122.15
2022-08-18,121.35
2022-08-19,121.55
2022-08-22,119.8
2022-08-23,118.2
2022-08-24,117.9
2022-08-25,119.0
2022-08-26,119.6
2022-08-29,116.55
2022-08-30,116.75
2022-08-31,117.6
2022-09-01,115.15
2022-09-02,113.9
2022-09-05,114.15
2022-09-06,114.9
2022-09-07,112.2
2022-09-08,113.0
2022-09-12,115.4
2022-09-13,116.0
2022-09-14,113.65
2022-09-15,113.85
2022-09-16,112.55
2022-09-19,112.05
2022-09-20,113.05
2022-09-21,112.1
2022-09-22,110.75
2022-09-23,109.7
2022-09-26,107.65
2022-09-27,107.5
2022-09-28,105.25
2022-09-29,104.9
2022-09-30,103.45
2022-10-03,102.2
2022-10-04,104.8
2022-10-05,107.25
2022-10-06,108.0
2022-10-07,106.2
2022-10-11,100.7
2022-10-12,100.2
2022-10-13,99.0
2022-10-14,101.85
2022-10-17,99.95
2022-10-18,101.1
2022-10-19,99.75
2022-10-20,99.2
2022-10-21,98.9
2022-10-24,98.6
2022-10-25,96.7
2022-10-26,97.6
2022-10-27,99.0
2022-10-28,97.75
2022-10-31,99.05
2022-11-01,99.6
2022-11-02,100.0
2022-11-03,98.7
2022-11-04,98.85
2022-11-07,100.55
2022-11-08,101.6
2022-11-09,104.5
2022-11-10,103.5
2022-11-11,109.0
2022-11-14,110.0
2022-11-15,114.7
2022-11-16,114.5
2022-11-17,114.55
2022-11-18,114.25
2022-11-21,113.85
2022-11-22,114.8
2022-11-23,115.6
2022-11-24,116.7
2022-11-25,116.7
2022-11-28,114.35
2022-11-29,115.4
2022-11-30,116.35
2022-12-01,118.35
2022-12-02,117.3
2022-12-05,117.45
2022-12-06,115.3
2022-12-07,114.6
2022-12-08,113.25
2022-12-09,115.0
2022-12-12,113.9
2022-12-13,113.4
2022-12-14,114.8
2022-12-15,114.9
2022-12-16,113.0
2022-12-19,112.35
2022-12-20,110.3
2022-12-21,110.75
2022-12-22,112.6
2022-12-23,110.7
2022-12-26,111.1
2022-12-27,111.6
2022-12-28,110.0
2022-12-29,109.5
2022-12-30,110.2
2023-01-03,110.75
2023-01-04,110.5
2023-01-05,111.3
2023-01-06,111.8
2023-01-09,115.8
2023-01-10,116.25
2023-01-11,116.35
2023-01-12,115.85
2023-01-13,117.2
2023-01-16,118.1
2023-01-17,118.1
2023-01-30,120.7
2023-01-31,118.3
2023-02-01,119.0
2023-02-02,121.0
2023-02-03,121.0
2023-02-06,119.25
2023-02-07,119.0
2023-02-08,120.85
2023-02-09,120.9
2023-02-10,121.0
2023-02-13,120.75
2023-02-14,121.65
2023-02-15,118.85
2023-02-16,120.3
2023-02-17,118.75
2023-02-20,119.0
2023-02-21,118.95
2023-02-22,117.65
2023-02-23,119.4
2023-02-24,118.8
2023-03-01,119.35
2023-03-02,119.25
2023-03-03,119.35
2023-03-06,120.5
2023-03-07,121.3
2023-03-08,120.3
2023-03-09,120.2
2023-03-10,118.3
2023-03-13,118.8
2023-03-14,117.5
2023-03-15,117.6
2023-03-16,117.05
2023-03-17,118.95
2023-03-20,118.1
2023-03-21,118.65
2023-03-22,120.9
2023-03-23,121.85
2023-03-24,122.2
2023-03-27,121.45
2023-03-28,120.4
2023-03-29,120.6
2023-03-30,121.2
2023-03-31,121.6
2023-04-06,121.0
2023-04-07,121.0
2023-04-10,121.0
2023-04-11,120.85
2023-04-12,120.55
2023-04-13,119.5
2023-04-14,120.65
2023-04-17,120.35
2023-04-18,119.95
2023-04-19,119.05
2023-04-20,118.9
2023-04-21,118.6
2023-04-24,118.15
2023-04-25,116.6
2023-04-26,116.1
2023-04-27,116.0
2023-04-28,117.4
2023-05-02,117.7
2023-05-03,117.2
2023-05-04,117.5
2023-05-05,117.8
2023-05-08,118.55
2023-05-09,118.9
2023-05-10,117.8
2023-05-11,117.55
2023-05-12,117.2
2023-05-15,117.2
2023-05-16,118.6
2023-05-17,120.55
2023-05-18,122.15
2023-05-19,122.5
2023-05-22,122.3
2023-05-23,122.2
2023-05-24,121.6
2023-05-25,123.05
2023-05-26,125.95
2023-05-29,126.75
2023-05-30,126.75
2023-05-31,126.15
2023-06-01,125.15
2023-06-02,126.75
2023-06-05,126.35
2023-06-06,126.7
2023-06-07,128.1
2023-06-08,126.85
2023-06-09,127.8
2023-06-12,129.0
2023-06-13,131.55
2023-06-14,131.5
2023-06-15,131.9
2023-06-16,131.55
2023-06-19,131.25
2023-06-20,130.55
2023-06-21,130.55
2023-06-26,129.75
2023-06-27,128.9
2023-06-28,129.1
2023-06-29,129.05
2023-06-30,129.1
2023-07-03,130.7
2023-07-04,131.0
2023-07-05,130.8
2023-07-06,127.9
2023-07-07,127.7
2023-07-10,127.45
2023-07-11,129.2
2023-07-12,129.45
2023-07-13,130.9
2023-07-14,132.25
2023-07-17,132.0
2023-07-18,129.85
2023-07-19,128.75
2023-07-20,129.35
2023-07-21,127.2
2023-07-24,127.25
2023-07-25,128.85
2023-07-26,128.5
2023-07-27,129.5
2023-07-28,129.5
2023-07-31,128.8
2023-08-01,129.45
2023-08-02,127.85
2023-08-04,127.25
2023-08-07,128.5
2023-08-08,127.0
2023-08-09,127.2
2023-08-10,126.4
2023-08-11,126.3
2023-08-14,124.5
2023-08-15,124.7
2023-08-16,124.05
2023-08-17,124.6
2023-08-18,123.85
2023-08-21,123.0
2023-08-22,124.0
2023-08-23,124.85
2023-08-24,127.0
2023-08-25,124.55
2023-08-28,125.35
2023-08-29,126.05
2023-08-30,126.6
2023-08-31,125.7
2023-09-01,125.9
2023-09-04,126.75
2023-09-05,126.45
2023-09-06,126.0
2023-09-07,124.85
2023-09-08,124.3
2023-09-11,123.8
2023-09-12,125.05
2023-09-13,125.2
2023-09-14,126.95
2023-09-15,127.35
2023-09-18,126.0
2023-09-19,125.45
2023-09-20,124.75
2023-09-21,122.75
2023-09-22,122.65
2023-09-25,123.55
2023-09-26,122.1
2023-09-27,122.15
2023-09-28,122.65
2023-10-02,124.25
2023-10-03,123.5
2023-10-04,121.9
2023-10-05,123.65
2023-10-06,124.1
2023-10-11,126.25
2023-10-12,127.3
2023-10-13,126.95
2023-10-16,126.25
2023-10-17,126.55
2023-10-18,124.8
2023-10-19,124.85
2023-10-20,125.4
2023-10-23,123.85
2023-10-24,123.95
2023-10-25,124.2
2023-10-26,121.75
2023-10-27,122.3
2023-10-30,122.0
2023-10-31,121.15
2023-11-01,121.75
2023-11-02,124.5
2023-11-03,125.45
2023-11-06,126.55
2023-11-07,126.5
2023-11-08,127.2
2023-11-09,127.25
2023-11-10,126.75
2023-11-13,128.7
2023-11-14,129.0
2023-11-15,130.55
2023-11-16,130.6
2023-11-17,131.0
2023-11-20,130.95
2023-11-21,132.55
2023-11-22,131.35
2023-11-23,131.3
2023-11-24,131.2
2023-11-27,130.35
2023-11-28,131.25
2023-11-29,131.15
2023-11-30,131.35
2023-12-01,131.8
2023-12-04,131.3
2023-12-05,130.35
2023-12-06,130.8
2023-12-07,130.0
2023-12-08,131.05
2023-12-11,131.2
2023-12-12,131.5
2023-12-13,131.55
2023-12-14,133.15
2023-12-15,133.7
2023-12-18,133.9
2023-12-19,133.4
2023-12-20,133.75
2023-12-21,132.6
2023-12-22,132.95
2023-12-25,133.5
2023-12-26,134.25
2023-12-27,135.75
2023-12-28,135.75
2023-12-29,135.45
2024-01-02,134.9
2024-01-03,132.55
2024-01-04,132.5
2024-01-05,132.15
2024-01-08,132.75
2024-01-09,133.0
2024-01-10,132.3
2024-01-11,132.85
2024-01-12,132.65
2024-01-15,133.0
2024-01-16,131.65
2024-01-17,127.45
2024-01-18,128.3
2024-01-19,132.9
2024-01-22,133.8
2024-01-23,134.05
2024-01-24,134.0
2024-01-25,135.65
2024-01-26,135.65
2024-01-29,136.5
2024-01-30,136.15
2024-01-31,134.35
2024-02-01,134.35
2024-02-02,135.1
2024-02-05,135.95
2024-02-15,142.35
2024-02-16,141.3
2024-02-19,141.1
2024-02-20,141.65
2024-02-21,141.2
2024-02-22,142.8
2024-02-23,143.75
2024-02-26,143.95
2024-02-27,143.35
2024-02-29,143.3
2024-03-01,142.8
2024-03-04,146.95
2024-03-05,148.15
2024-03-06,148.85
2024-03-07,152.3
2024-03-08,154.45
2024-03-11,152.9
2024-03-12,154.5
2024-03-13,155.25
2024-03-14,155.1
2024-03-15,153.0
2024-03-18,154.4
2024-03-19,154.05
2024-03-20,153.2
2024-03-21,157.4
2024-03-22,157.2
2024-03-25,157.5
2024-03-26,157.6
2024-03-27,157.65
2024-03-28,156.9
2024-03-29,157.9
2024-04-01,157.4
2024-04-02,159.65
2024-04-03,158.55
2024-04-08,159.45
2024-04-09,163.25
2024-04-10,163.0
2024-04-11,162.5
2024-04-12,162.1
2024-04-15,160.0
2024-04-16,155.65
2024-04-17,157.4
2024-04-18,158.95
2024-04-19,150.9
2024-04-22,150.45
2024-04-23,151.9
2024-04-24,156.35
2024-04-25,153.5
2024-04-26,156.0
2024-04-29,158.8
2024-04-30,158.25
2024-05-02,156.15
2024-05-03,156.95
2024-05-06,159.2
2024-05-07,160.1
2024-05-08,160.7
2024-05-09,160.5
2024-05-10,161.65
2024-05-13,163.3
2024-05-14,164.4
2024-05-15,166.65
2024-05-16,167.45
2024-05-17,167.25
2024-05-20,167.2
2024-05-21,167.0
2024-05-22,170.0
2024-05-23,171.3
2024-05-24,170.6
2024-05-27,172.95
2024-05-28,173.2
2024-05-29,170.85
2024-05-30,167.9
2024-05-31,166.0
2024-06-03,169.55
2024-06-04,166.85
2024-06-05,168.45
2024-06-06,174.2
2024-06-07,172.85
2024-06-11,173.3
2024-06-12,176.4
2024-06-13,178.95
2024-06-14,180.0
2024-06-17,180.0
2024-06-18,183.0
2024-06-19,187.95
2024-06-20,189.75
2024-06-21,188.6
2024-06-24,184.0
2024-06-25,183.9
2024-06-26,185.35
2024-06-27,185.3
2024-06-28,186.45
2024-07-01,186.6
2024-07-02,185.35
2024-07-03,187.6
2024-07-04,192.5
2024-07-05,191.8
2024-07-08,197.85
2024-07-09,197.65
2024-07-10,198.35
2024-07-11,202.75
2024-07-12,196.35
2024-07-15,196.7
2024-07-16,196.85
2024-07-17,194.1
2024-07-18,190.6
2024-07-19,186.25
2024-07-22,180.7
2024-07-23,186.3
2024-07-26,179.0
2024-07-29,180.6
2024-07-30,180.6
2024-07-31,180.85
2024-08-01,184.0
2024-08-02,174.7
2024-08-05,158.75
2024-08-06,167.5
2024-08-07,174.15
2024-08-08,170.55
2024-08-09,175.85
2024-08-12,178.05
2024-08-13,178.5
2024-08-14,180.75
2024-08-15,179.35
2024-08-16,183.4
2024-08-19,183.65
2024-08-20,183.75
2024-08-21,181.8
2024-08-22,180.85
2024-08-23,180.95
2024-08-26,181.25
2024-08-27,180.45
2024-08-28,183.0
2024-08-29,180.5
2024-08-30,181.35
2024-09-02,180.85
2024-09-03,180.05
2024-09-04,171.25
2024-09-05,172.3
2024-09-06,174.75
2024-09-09,172.05
2024-09-10,172.35
2024-09-11,171.85
2024-09-12,178.3
2024-09-13,178.4
2024-09-16,178.75
2024-09-18,177.85
2024-09-19,180.15
2024-09-20,182.45
2024-09-23,183.25
2024-09-24,185.0
2024-09-25,187.75
2024-09-26,189.3
2024-09-27,188.9
2024-09-30,183.95
2024-10-01,183.6
2024-10-04,183.6
2024-10-07,188.15
2024-10-08,187.25
2024-10-09,189.0
2024-10-11,192.15
2024-10-14,192.3
2024-10-15,196.4
2024-10-16,193.0
2024-10-17,193.3
2024-10-18,198.1
2024-10-21,198.05
2024-10-22,197.3
2024-10-23,196.0
2024-10-24,194.8
2024-10-25,196.4
2024-10-28,196.05
2024-10-29,191.5
2024-10-30,191.8
2024-11-01,190.5
2024-11-04,192.95
2024-11-05,193.65
2024-11-06,195.2
2024-11-07,197.45
2024-11-08,199.0
2024-11-11,199.1
2024-11-12,194.0
2024-11-13,192.75
2024-11-14,191.0
2024-11-15,192.35
2024-11-18,189.65
2024-11-19,192.25
2024-11-20,191.45
2024-11-21,189.35
2024-11-22,193.05
2024-11-25,192.35
2024-11-26,189.85
2024-11-27,187.1
2024-11-28,186.8
2024-11-29,187.25
2024-12-02,191.7
2024-12-03,194.3
2024-12-04,195.45
2024-12-05,196.5
2024-12-06,195.75
2024-12-09,196.0
2024-12-10,194.6
2024-12-11,192.9
2024-12-12,195.15
2024-12-13,195.3
2024-12-16,196.1
2024-12-17,197.1
2024-12-18,197.1
2024-12-19,194.4
2024-12-20,192.6
2024-12-23,197.25
2024-12-24,197.8
2024-12-25,198.4
2024-12-26,198.25
2024-12-27,198.9
2024-12-30,197.8
2024-12-31,195.75
2025-01-02,194.05
2025-01-03,196.0
2025-01-06,202.15
2025-01-07,204.4
2025-01-08,201.35
2025-01-09,199.05
2025-01-10,199.0
2025-01-13,194.4
2025-01-14,195.6
2025-01-15,194.1
2025-01-16,198.05
2025-01-17,196.3
2025-01-20,198.3
2025-01-21,198.7
2025-01-22,201.3
2025-02-03,192.7
2025-02-04,193.85
2025-02-05,196.8
2025-02-06,197.65
2025-02-07,198.55
2025-02-10,196.3
2025-02-11,197.5
2025-02-12,197.2
2025-02-13,196.35
2025-02-14,194.0
2025-02-17,196.95
2025-02-18,197.65
2025-02-19,197.3
2025-02-20,196.55
2025-02-21,197.95
2025-02-24,196.2
2025-02-25,193.65
2025-02-26,194.7
2025-02-27,192.5
2025-03-03,188.05
2025-03-04,186.8
2025-03-05,189.25
2025-03-06,188.1
2025-03-07,186.35
2025-03-10,185.25
2025-03-11,182.0
2025-03-12,182.8
2025-03-13,181.1
2025-03-14,180.5
2025-03-17,182.05
2025-03-18,182.8
2025-03-19,180.55
2025-03-20,184.45
2025-03-21,182.95
2025-03-24,182.75
2025-03-25,184.65
2025-03-26,184.5
2025-03-27,181.0
2025-03-28,179.2
2025-03-31,172.75
2025-04-01,176.3
2025-04-02,176.0
2025-04-07,158.4
2025-04-08,153.25
2025-04-09,146.2
2025-04-10,160.8
2025-04-11,164.55
2025-04-14,163.7
2025-04-15,165.35
2025-04-16,162.35
2025-04-17,160.55
2025-04-18,160.9
2025-04-21,158.6
2025-04-22,155.95
2025-04-23,162.85
2025-04-24,161.9
2025-04-25,165.75
2025-04-28,167.15
2025-04-29,167.8
2025-04-30,168.6
2025-05-02,173.5
2025-05-05,171.95
2025-05-06,171.0
2025-05-07,170.35
2025-05-08,172.6
2025-05-09,174.75
2025-05-12,176.7
2025-05-13,178.85
2025-05-14,182.9
2025-05-15,182.5
2025-05-16,183.0
2025-05-19,180.45
2025-05-20,180.8
2025-05-21,183.6
2025-05-22,181.6
2025-05-23,180.85
2025-05-26,180.65
2025-05-27,179.05
2025-05-28,179.35
2025-05-29,179.75
2025-06-02,175.9
2025-06-03,177.15
2025-06-04,181.3
2025-06-05,181.65
2025-06-06,181.95
2025-06-09,183.7
2025-06-10,188.65
2025-06-18,47.57
2025-06-19,47.1
2025-06-20,47.03
2025-06-23,46.64
2025-06-24,47.49
2025-06-25,48.18
2025-06-26,48.24
2025-06-27,48.29
2025-06-30,48.36
2025-07-01,48.64
2025-07-02,48.65
2025-07-03,49.32
2025-07-04,48.86
2025-07-07,48.57
2025-07-08,48.35
2025-07-09,48.85
2025-07-10,49.41
2025-07-11,49.62
2025-07-14,49.33
2025-07-15,50.0
2025-07-16,50.4
2025-07-17,50.7
2025-07-18,51.45
2025-07-21,50.9
2025-07-22,50.55
2025-07-23,50.7
2025-07-24,51.0
2025-07-25,50.9
2025-07-28,51.05
2025-07-29,50.45
2025-07-30,51.0
2025-07-31,51.55
2025-08-01,51.1
2025-08-04,50.8
2025-08-05,51.45
2025-08-06,51.0
2025-08-07,52.45
2025-08-08,52.45
2025-08-11,52.85
2025-08-12,52.9
2025-08-13,53.35
2025-08-14,53.15
2025-08-15,53.15
2025-08-18,53.3
2025-08-19,53.2
2025-08-20,51.7
2025-08-21,52.0
2025-08-22,51.75
2025-08-25,52.7
2025-08-26,52.75
2025-08-27,53.0
2025-08-28,52.5
2025-08-29,52.5
2025-09-01,52.0
2025-09-02,52.0
2025-09-03,51.95
2025-09-04,52.3
2025-09-05,52.85
2025-09-08,53.35
2025-09-09,53.9
2025-09-10,54.95
2025-09-11,55.45
2025-09-12,56.0
2025-09-15,56.0
2025-09-16,56.75
2025-09-17,56.35
2025-09-18,56.95
2025-09-19,57.0
2025-09-22,57.4
2025-09-23,58.45
2025-09-24,58.4
2025-09-25,58.2
2025-09-26,57.25
2025-09-30,57.8
2025-10-01,58.1
2025-10-02,59.2
2025-10-03,60.05
2025-10-07,61.7
2025-10-08,61.15
2025-10-09,61.6
2025-10-13,61.0
2025-10-14,60.7
2025-10-15,61.8
2025-10-16,63.0
2025-10-17,62.05
2025-10-20,63.1
2025-10-21,63.2
2025-10-22,62.7
2025-10-23,62.35
2025-10-27,63.8
2025-10-28,63.35
2025-10-29,64.4
2025-10-30,64.4
2025-10-31,64.75
2025-11-03,64.15
2025-11-04,63.95
2025-11-05,63.15
2025-11-06,63.3
2025-11-07,62.55
2025-11-10,63.35
2025-11-11,62.9
2025-11-12,63.2
2025-11-13,62.9
2025-11-14,61.7
2025-11-17,61.9
2025-11-18,60.45
2025-11-19,60.05
2025-11-20,61.9
2025-11-21,59.85
2025-11-24,59.55
2025-11-25,60.35
2025-11-26,61.35
2025-11-27,61.9
2025-11-28,62.35
2025-12-01,61.5
2025-12-02,61.7
2025-12-03,62.3
2025-12-04,62.2
2025-12-05,62.75
2025-12-08,63.7
2025-12-09,63.6
2025-12-10,64.05
2025-12-11,63.35
2025-12-12,63.45
2025-12-15,62.8
2025-12-16,62.25
2025-12-17,61.9
2025-12-18,61.9
2025-12-19,62.5
2025-12-22,63.4
2025-12-23,63.7
2025-12-24,63.85
2025-12-26,64.4
2025-12-29,65.25
2025-12-30,65.15
2025-12-31,65.6
2026-01-02,66.95
2026-01-05,69.5
2026-01-06,70.4
2026-01-07,69.85
2026-01-08,70.1
2026-01-09,69.85
2026-01-12,70.35
2026-01-13,70.7
2026-01-14,70.75
2026-01-15,70.65
2026-01-16,72.0
2026-01-19,72.6
2026-01-20,72.6
2026-01-21,71.85
2026-01-22,71.8
2026-01-23,72.25
2026-01-26,72.25
2026-01-27,73.05
2026-01-28,74.2
2026-01-29,73.75
2026-01-30,72.6
2026-02-02,71.5
2026-02-03,72.95
2026-02-04,72.9
2026-02-05,72.0
2026-02-06,71.9
2026-02-09,73.95
2026-02-10,75.5
2026-02-11,77.2
2026-02-23,77.4
2026-02-24,79.4
2026-02-25,81.1
2026-02-26,81.15
2026-03-02,80.35
2026-03-03,78.75
2026-03-04,75.6
2026-03-05,77.4
2026-03-06,76.85
2026-03-09,73.6
2026-03-10,75.2
2026-03-11,78.2
2026-03-12,76.6
2026-03-13,75.95
2026-03-16,75.6
2026-03-17,76.65
2026-03-18,77.8
2026-03-19,76.0
2026-03-20,75.9
2026-03-23,74.25
2026-03-24,74.4
2026-03-25,76.2
2026-03-26,75.8
2026-03-27,75.0
2026-03-30,73.9
2026-03-31,72.35
2026-05-04,94.6
2026-05-05,94.6
2026-05-06,95.75
2026-05-07,97.7
2026-05-08,97.0
2026-05-11,96.9
2026-05-12,96.85
2026-05-13,95.5
2026-05-14,96.05
2026-05-15,95.4
2026-05-18,94.9
2026-05-19,93.1
2026-05-20,92.5
2026-05-21,95.85
2026-05-22,97.3
2026-05-25,100.8
2026-05-26,100.1
2026-05-27,102.55
2026-05-28,100.5
2026-05-29,105.4
2026-06-01,105.5
2026-06-02,105.7
2026-06-03,107.6
2026-06-04,106.1
2026-06-05,104.15
2026-06-08,100.95
2026-06-09,103.5
2026-06-10,100.25
2026-06-11,99.85
2026-06-12,101.95
2026-06-15,105.25
2026-06-16,105.9
2026-06-17,106.0
2026-06-18,107.3
2026-06-22,111.15
2026-06-23,110.1
2026-06-24,107.15
2026-06-25,107.2
2026-06-26,103.1
2026-06-29,104.45
2026-06-30,107.8
2026-07-01,109.35
2026-07-02,108.8
2026-07-03,108.35
2026-07-06,108.25
2026-07-07,106.2
2026-07-08,106.05
2026-07-09,105.8
2026-07-13,106.0
2026-07-14,104.4
2026-07-15,106.3
2026-07-16,106.4
2026-07-17,100.15
2026-07-20,99.2
2026-07-21,102.5
2026-07-22,103.85
2026-07-23,103.9
2026-07-24,101.7
2026-07-27,101.45
2026-07-28,97.15
2026-07-29,93.7
2026-07-30,93.5
2026-07-31,102.85
2026-08-03,102.0
2026-08-04,100.65
2026-08-05,103.8
2026-08-06,103.3
2026-08-07,102.85
2026-08-10,104.25
2026-08-11,104.6
2026-08-12,105.2
2026-08-13,106.7
2026-08-14,106.4
2026-08-17,106.45
2026-08-18,104.9
2026-08-19,103.1
2026-08-20,103.8
2026-08-21,104.65
2026-08-24,103.8
2026-08-25,104.4
2026-08-26,105.9
2026-08-27,106.05
2026-08-28,106.95
2026-08-31,106.25
2026-09-01,108.45
2026-09-02,106.8
2026-09-03,106.2
2026-09-04,107.9
2026-09-07,109.9
2026-09-08,109.65
2026-09-09,109.65
2026-09-10,109.15
2026-09-11,107.7
2026-09-14,106.9
2026-09-15,106.25
2026-09-16,106.9
2026-09-17,108.05
